,Id_Rol,Id_Per
0,e28f4638-74f6-11ed-a001-0242ac1c000c,e10e7e7a-74f4-11ed-ba23-0242ac1c000c
1,e28f4638-74f6-11ed-a001-0242ac1c000c,e10e80a0-74f4-11ed-ba23-0242ac1c000c
2,e28f4638-74f6-11ed-a001-0242ac1c000c,e10e8154-74f4-11ed-ba23-0242ac1c000c
3,e28f4638-74f6-11ed-a001-0242ac1c000c,e10e81ea-74f4-11ed-ba23-0242ac1c000c
4,e28f4930-74f6-11ed-a001-0242ac1c000c,e10e7e7a-74f4-11ed-ba23-0242ac1c000c
5,e28f4930-74f6-11ed-a001-0242ac1c000c,e10e80a0-74f4-11ed-ba23-0242ac1c000c
6,e28f4930-74f6-11ed-a001-0242ac1c000c,e10e8154-74f4-11ed-ba23-0242ac1c000c
7,e28f4930-74f6-11ed-a001-0242ac1c000c,e10e81ea-74f4-11ed-ba23-0242ac1c000c
8,e28f49f8-74f6-11ed-a001-0242ac1c000c,e10e7e7a-74f4-11ed-ba23-0242ac1c000c
9,e28f49f8-74f6-11ed-a001-0242ac1c000c,e10e80a0-74f4-11ed-ba23-0242ac1c000c
10,e28f49f8-74f6-11ed-a001-0242ac1c000c,e10e8154-74f4-11ed-ba23-0242ac1c000c
11,e28f49f8-74f6-11ed-a001-0242ac1c000c,e10e81ea-74f4-11ed-ba23-0242ac1c000c
